latitude,longitude,soil_moisture_layer1,soil_moisture_layer2,soil_moisture_3d_mean,soil_moisture_7d_mean
22.0,89.0,0.39047529179810275,0.4260316104674916,0.3826657859621407,0.3748562801261786
22.0,90.0,0.387860619515673,0.42428849561253845,0.38010340712535956,0.3723461947350461
22.0,91.0,0.3852459472332433,0.4225453807575853,0.37754102828857844,0.36983610934391353
22.0,92.0,0.38265117418566513,0.42081553205919986,0.3749981507019518,0.36734512721823853
22.0,93.0,0.3800960481625974,0.41911211471048804,0.37249412719934544,0.3648922062360935
22.0,94.0,0.377600015215903,0.41744809274602507,0.3700480149115849,0.3624960146072668
22.0,95.0,0.3751820716634521,0.4158361303777245,0.36767843023018304,0.360174788796914
22.0,96.0,0.37286061951567306,0.41428849561253844,0.36540340712535957,0.35794619473504613
22.0,97.0,0.37065332642514165,0.41281696688551756,0.36324025989663883,0.35582719336813595
23.0,89.0,0.3843124501264808,0.42110133713019404,0.3766262011239512,0.36893995212142155
23.0,90.0,0.38169777784405107,0.4193582222752409,0.37406382228717006,0.366429866730289
23.0,91.0,0.37908310556162134,0.41761510742028773,0.3715014434503889,0.3639197813391565
23.0,92.0,0.3764883325140432,0.4158852587219023,0.3689585658637623,0.3614287992134814
23.0,93.0,0.37393320649097544,0.4141818413731905,0.36645454236115593,0.3589758782313364
23.0,94.0,0.371437173544281,0.4125178194087275,0.3640084300733954,0.35657968660250977
23.0,95.0,0.3690192299918301,0.4109058570404269,0.36163884539199354,0.3542584607921569
23.0,96.0,0.3666977778440511,0.4093582222752409,0.35936382228717006,0.3520298667302891
23.0,97.0,0.3644904847535197,0.40788669354822,0.35720067505844927,0.3499108653633789
24.0,89.0,0.3793134020932078,0.4171020987035756,0.3717271340513436,0.3641408660094795
24.0,90.0,0.37669872981077807,0.41535898384862247,0.3691647552145625,0.3616307806183469
24.0,91.0,0.37408405752834833,0.4136158689936693,0.36660237637778137,0.3591206952272144
24.0,92.0,0.3714892844807702,0.4118860202952839,0.3640594987911548,0.35662971310153935
24.0,93.0,0.36893415845770244,0.41018260294657205,0.36155547528854837,0.35417679211939435
24.0,94.0,0.366438125511008,0.4085185809821091,0.35910936300078783,0.3517806004905677
24.0,95.0,0.3640201819585571,0.4069066186138085,0.35673977831938597,0.3494593746802148
24.0,96.0,0.3616987298107781,0.40535898384862246,0.35446475521456255,0.34723078061834695
24.0,97.0,0.3594914367202467,0.40388745512160157,0.35230160798584176,0.3451117792514368
25.0,89.0,0.37563004124313426,0.41415541002351686,0.36811744041827155,0.3606048395934089
25.0,90.0,0.37301536896070453,0.4124122951685637,0.3655550615814904,0.3580947542022763
25.0,91.0,0.3704006966782748,0.41066918031361055,0.3629926827447093,0.3555846688111438
25.0,92.0,0.36780592363069664,0.4089393316152251,0.3604498051580827,0.35309368668546876
25.0,93.0,0.3652507976076289,0.4072359142665133,0.3579457816554763,0.35064076570332375
25.0,94.0,0.3627547646609345,0.4055718923020503,0.35549966936771576,0.3482445740744971
25.0,95.0,0.3603368211084836,0.40395992993374974,0.3531300846863139,0.3459233482641442
25.0,96.0,0.35801536896070457,0.4024122951685637,0.3508550615814905,0.34369475420227635
25.0,97.0,0.35580807587017316,0.4009407664415428,0.3486919143527697,0.34157575283536623
26.0,89.0,0.3733742846318193,0.41235080473446484,0.36590679893918293,0.35843931324654654
26.0,90.0,0.3707596123493896,0.4106076898795117,0.3633444201024018,0.355929227855414
26.0,91.0,0.36814494006695986,0.40886457502455853,0.36078204126562063,0.35341914246428147
26.0,92.0,0.3655501670193817,0.4071347263261731,0.35823916367899405,0.3509281603386064
26.0,93.0,0.36299504099631397,0.40543130897746127,0.3557351401763877,0.3484752393564614
26.0,94.0,0.36049900804961954,0.4037672870129983,0.35328902788862715,0.34607904772763476
26.0,95.0,0.35808106449716864,0.4021553246446977,0.3509194432072253,0.3437578219172819
26.0,96.0,0.35575961234938963,0.4006076898795117,0.3486444201024018,0.341529227855414
26.0,97.0,0.3535523192588582,0.3991361611524908,0.346481272873681,0.3394102264885039
27.0,89.0,0.3726146722824297,0.4117431148549532,0.3651623788367811,0.3577100853911325
27.0,90.0,0.37,0.41000000000000003,0.3626,0.35519999999999996
27.0,91.0,0.36738532771757026,0.4082568851450469,0.36003762116321886,0.35268991460886745
27.0,92.0,0.3647905546699921,0.40652703644666144,0.3574947435765923,0.3501989324831924
27.0,93.0,0.3622354286469244,0.4048236190979496,0.35499072007398585,0.3477460115010474
27.0,94.0,0.35973939570022995,0.40315959713348665,0.3525446077862253,0.34534981987222074
27.0,95.0,0.35732145214777905,0.40154763476518607,0.35017502310482346,0.34302859406186786
27.0,96.0,0.35500000000000004,0.4,0.34790000000000004,0.34080000000000005
27.0,97.0,0.3527927069094686,0.39852847127297913,0.34573685277127925,0.33868099863308987
28.0,89.0,0.3733742846318193,0.41235080473446484,0.36590679893918293,0.35843931324654654
28.0,90.0,0.3707596123493896,0.4106076898795117,0.3633444201024018,0.355929227855414
28.0,91.0,0.36814494006695986,0.40886457502455853,0.36078204126562063,0.35341914246428147
28.0,92.0,0.3655501670193817,0.4071347263261731,0.35823916367899405,0.3509281603386064
28.0,93.0,0.36299504099631397,0.40543130897746127,0.3557351401763877,0.3484752393564614
28.0,94.0,0.36049900804961954,0.4037672870129983,0.35328902788862715,0.34607904772763476
28.0,95.0,0.35808106449716864,0.4021553246446977,0.3509194432072253,0.3437578219172819
28.0,96.0,0.35575961234938963,0.4006076898795117,0.3486444201024018,0.341529227855414
28.0,97.0,0.3535523192588582,0.3991361611524908,0.346481272873681,0.3394102264885039
29.0,89.0,0.3756300412431343,0.41415541002351686,0.3681174404182716,0.36060483959340894
29.0,90.0,0.3730153689607046,0.4124122951685637,0.3655550615814905,0.3580947542022764
29.0,91.0,0.37040069667827485,0.41066918031361055,0.36299268274470936,0.35558466881114387
29.0,92.0,0.3678059236306967,0.4089393316152251,0.3604498051580828,0.3530936866854688
29.0,93.0,0.36525079760762896,0.4072359142665133,0.35794578165547636,0.3506407657033238
29.0,94.0,0.36275476466093454,0.4055718923020503,0.3554996693677158,0.34824457407449716
29.0,95.0,0.36033682110848364,0.40395992993374974,0.35313008468631396,0.3459233482641443
29.0,96.0,0.3580153689607046,0.4024122951685637,0.35085506158149055,0.3436947542022764
29.0,97.0,0.3558080758701732,0.4009407664415428,0.34869191435276975,0.3415757528353663
