feature,importance
elevation_m,0.03333333333333333
slope_deg,0.03333333333333333
aspect_deg,0.03333333333333333
plan_curvature,0.03333333333333333
profile_curvature,0.03333333333333333
topographic_wetness_index,0.03333333333333333
terrain_roughness,0.03333333333333333
rain_1d_mm,0.03333333333333333
rain_3d_mm,0.03333333333333333
rain_7d_mm,0.03333333333333333
rain_30d_mm,0.03333333333333333
soil_moisture_layer1,0.03333333333333333
soil_moisture_layer2,0.03333333333333333
soil_moisture_3d_mean,0.03333333333333333
soil_moisture_7d_mean,0.03333333333333333
distance_to_road_m,0.03333333333333333
road_density,0.03333333333333333
distance_to_settlement_m,0.03333333333333333
distance_to_river_m,0.03333333333333333
lulc_class_10,0.03333333333333333
lulc_class_20,0.03333333333333333
lulc_class_40,0.03333333333333333
lulc_class_50,0.03333333333333333
lulc_class_60,0.03333333333333333
lulc_class_80,0.03333333333333333
geology_class_Alluvium_Unconsolidated,0.03333333333333333
geology_class_Igneous,0.03333333333333333
geology_class_Metamorphic,0.03333333333333333
geology_class_Regional_Bedrock_Mixed,0.03333333333333333
geology_class_Sedimentary,0.03333333333333333
