feature,missing_count,missing_percentage,imputation_strategy
sample_id,0,0.00%,None (complete)
latitude,0,0.00%,None (complete)
longitude,0,0.00%,None (complete)
date,0,0.00%,None (complete)
elevation_m,0,0.00%,None (complete)
slope_deg,0,0.00%,None (complete)
aspect_deg,0,0.00%,None (complete)
plan_curvature,0,0.00%,None (complete)
profile_curvature,0,0.00%,None (complete)
topographic_wetness_index,0,0.00%,None (complete)
terrain_roughness,0,0.00%,None (complete)
rain_1d_mm,0,0.00%,None (complete)
rain_3d_mm,0,0.00%,None (complete)
rain_7d_mm,0,0.00%,None (complete)
rain_30d_mm,0,0.00%,None (complete)
soil_moisture_layer1,0,0.00%,None (complete)
soil_moisture_layer2,0,0.00%,None (complete)
soil_moisture_3d_mean,0,0.00%,None (complete)
soil_moisture_7d_mean,0,0.00%,None (complete)
lulc_class,0,0.00%,None (complete)
distance_to_road_m,0,0.00%,None (complete)
road_density,0,0.00%,None (complete)
distance_to_settlement_m,0,0.00%,None (complete)
distance_to_river_m,0,0.00%,None (complete)
geology_class,0,0.00%,None (complete)
spatial_block_id,0,0.00%,None (complete)
landslide_label,0,0.00%,None (complete)
